dataset,method,combo_index,combo_tag,sweep__similarity__update_every,sweep__similarity__keep_epochs,sweep__regularization__l2,sweep__optim__lr,seed_mean,seed_std,seed_n,best_epoch_mean,best_epoch_std,best_epoch_n,best_test_loss_mean,best_test_loss_std,best_test_loss_n,time_train_mean,time_train_std,time_train_n,time_validation_mean,time_validation_std,time_validation_n,time_test_mean,time_test_std,time_test_n,time_ale_mean,time_ale_std,time_ale_n,time_similarity_mean,time_similarity_std,time_similarity_n,total_time_mean,total_time_std,total_time_n,train_loss_mean,train_loss_std,train_loss_n,train_rmse_mean,train_rmse_std,train_rmse_n,train_mae_mean,train_mae_std,train_mae_n,train_mape_mean,train_mape_std,train_mape_n,val_loss_mean,val_loss_std,val_loss_n,val_rmse_mean,val_rmse_std,val_rmse_n,val_mae_mean,val_mae_std,val_mae_n,val_mape_mean,val_mape_std,val_mape_n,test_loss_mean,test_loss_std,test_loss_n,test_rmse_mean,test_rmse_std,test_rmse_n,test_mae_mean,test_mae_std,test_mae_n,test_mape_mean,test_mape_std,test_mape_n
electricity,ale_frechet,1,optim-lr_1e-3__regularization-l2_0.01__similarity-keep_epochs_1__similarity-update_every_10,10.0,1.0,0.01,0.001,2.0,1.5811388300841898,5,185.4,33.6124976757158,5,107.27430114746092,61.32745766707497,5,19241.38450655937,9272.360051715972,5,1117.6706829071045,518.2455166253203,5,5.3685047149658205,2.533374085969581,5,19829.887840747837,9961.667307891628,5,9009.549824333191,4539.853967964317,5,49203.86135926247,24280.53090171722,5,44.979872916925565,11.855181302306146,5,44.979872916925565,11.855181302306146,5,31.144158173872405,10.61585541491589,5,892577376.9257762,188274440.2625064,5,55.79509236793207,10.67536617658369,5,55.79509236793207,10.67536617658369,5,43.70735344339798,10.333170302578074,5,111036489.63155104,29516569.22225044,5,58.68010784887929,10.586564999112674,5,58.68010784887929,10.586564999112674,5,46.04868337617289,10.29289564195079,5,122159538.5763662,32118358.76498547,5
electricity,crossstitch,1,optim-lr_1e-3,,,,0.001,1.5,1.2909944487358056,4,6.75,1.8929694486000912,4,82.51037979125977,3.921047666393634,4,115037.34883755444,8974.443350137753,4,1334.1670415997503,70.81428886801642,4,46.290478348732,11.17391658483846,4,2.968311309814453e-05,1.1760909229078882e-06,4,1.7464160919189453e-05,2.6788955991559304e-06,4,116417.8064046502,9040.324712894391,4,60.63212585449219,3.412581096408029,2,60.63212585449219,3.412581096408029,2,39.50051307678223,3.707689957933429,2,6022808832.0,663307342.6519179,2,79.87629318237305,3.213081517792623,2,79.87629318237305,3.213081517792623,2,62.10503387451172,3.407698805476527,2,469271672.0,307181588.0983555,2,85.07884979248047,3.5224677085447844,2,82.51037979125977,3.921047666393634,4,66.73088836669922,3.693072756520274,2,309446448.0,119052231.2043718,2
electricity,hard,1,optim-lr_1e-3,,,,0.001,2.0,1.5811388300841898,5,235.2,51.96344869232603,5,75.97732543945312,23.171735435559555,5,13645.603501415251,3748.7080506783727,5,903.8571817398072,261.9464256503783,5,3.595679521560669,0.7328743045399764,5,0.0002999305725097,0.0001338112460426,5,0.000169038772583,5.3135259210786514e-05,5,14553.056831645965,4009.511966085477,5,40.713076723205,14.96381856434808,5,40.713076723205,14.96381856434808,5,26.465468889237616,9.487464744497062,5,5491765685.453331,1761253196.4432156,5,54.655164556790815,23.98421950395936,5,54.655164556790815,23.98421950395936,5,42.9877660731313,24.0591341486194,5,356285248.05556697,150918076.6861182,5,57.00934029014777,22.984308504866725,5,57.00934029014777,22.984308504866725,5,44.50018280485297,22.862730710080587,5,385767226.3802706,168534642.47196272,5
electricity,mmoe,1,optim-lr_1e-3,,,,0.001,2.0,1.5811388300841898,5,195.8,65.15136222674089,5,76.31032867431641,9.560956133044554,5,30310.70813326836,11515.862936206582,5,878.9892627716065,291.5467350139595,5,3.93878059387207,1.0401222466229458,5,0.0001708507537841,6.19183194338454e-05,5,0.0001113414764404,6.10260751793373e-05,5,31193.636458826066,11791.413649903036,5,43.40968561679288,8.544050017551296,5,43.40968561679288,8.544050017551296,5,30.88561061947764,8.451022855451678,5,2729972592.585389,670637288.4787241,5,51.03690359152536,7.749780117340579,5,51.03690359152536,7.749780117340579,5,39.4032694744309,8.02050783226521,5,267791786.6995522,94601516.7368369,5,53.649739716846646,7.4001110530112975,5,53.649739716846646,7.4001110530112975,5,41.28364706928973,7.809300543274478,5,273281206.1049293,64236220.454287104,5
electricity,mtan,1,optim-lr_1e-3,,,,0.001,2.0,1.5811388300841898,5,114.2,20.203960007879644,5,133.4147705078125,3.659809033065381,5,7183.803600025177,762.1151706261587,5,476.90169925689696,65.53260667756327,5,4.100500297546387,0.1669966132972203,5,0.0001286029815673,2.240475090859132e-05,5,7.925033569335937e-05,1.44519816606674e-05,5,7664.806007432938,825.0567021985083,5,72.1172020934199,4.237006895492774,5,72.1172020934199,4.237006895492774,5,48.27921811765978,3.673952021602042,5,17745468404.318855,2868949069.775368,5,92.85308918384357,6.092954252636551,5,92.85308918384357,6.092954252636551,5,76.31383373608111,5.930592489338808,5,294537062.5405294,87841053.29188198,5,112.56019935116858,3.1159577023492107,5,112.56019935116858,3.1159577023492107,5,92.42604381805512,2.342283523318647,5,397964665.6228863,92214561.05362456,5
electricity,ple,1,optim-lr_1e-3,,,,0.001,2.0,1.5811388300841898,5,91.6,19.882152800941853,5,99.50745239257812,8.258304636448837,5,12440.727571773528,2330.908511719813,5,505.3413246154785,103.57554654916912,5,4.306176280975341,0.9037931479970912,5,0.0001132488250732,2.7772438685183985e-05,5,6.82830810546875e-05,1.91029678427886e-05,5,12950.375254201888,2434.443766033244,5,40.054753112792966,2.272203770423145,5,40.054753112792966,2.272203770423145,5,25.742528915405277,1.7032742982825086,5,3825300633.6,1083617237.6405897,5,53.58726959228515,3.763260346042578,5,53.58726959228515,3.763260346042578,5,40.9669075012207,3.0603491073062763,5,105023120.8,70591319.5621429,5,50.60616073608399,2.017852111118703,5,99.50745239257812,8.258304636448837,5,38.29580841064453,1.6308334714959027,5,5972074.4,841508.8721993221,5
electricity,single_task_mlp,1,optim-lr_1e-3,,,,0.001,2.0,1.5811388300841898,5,203.8,51.455806280729874,5,222.59610290527343,69.87457660982543,5,22841.61042575836,4867.122251249225,5,1759.8428605556487,365.14095340518617,5,8.18395185470581,0.8240199584302983,5,0.0002332210540771,4.766922969121698e-05,5,0.0001581192016601,3.0846610137822883e-05,5,24609.63762950897,5232.545700331141,5,154.5671304843169,49.25028458226653,5,154.5671304843169,49.25028458226653,5,128.48124058224883,42.926938799224416,5,2723178526.022463,331601272.6239963,5,173.10181932135976,57.09405800359859,5,173.10181932135976,57.09405800359859,5,158.3938576810163,56.83727080285986,5,327410928.4743007,165362607.2037152,5,175.0789091863768,55.020317676087984,5,175.0789091863768,55.020317676087984,5,160.02195491972492,54.857999023466405,5,348990918.5122613,185670697.689742,5
electricity,soft,1,optim-lr_1e-3,,,,0.001,2.0,1.5811388300841898,5,175.6,20.23116407921205,5,223.07062072753905,69.35491284789978,5,9365.519027805329,1690.7995745563317,5,679.7825395107269,148.56866704903794,5,3.2111502170562742,0.864475025213813,5,0.0002156257629394,0.0001189893362282,5,0.0001261711120605,2.3690818154001357e-05,5,10048.513059329987,1839.9304263171855,5,155.0058756392035,48.90742493901343,5,155.0058756392035,48.90742493901343,5,128.7886828468494,42.67462067836883,5,2582212547.285718,193279113.0709788,5,173.23460196208177,57.08525683175,5,173.23460196208177,57.08525683175,5,158.5912447680626,56.814501053798175,5,294848575.47808444,108903819.21697488,5,175.21033048322855,55.111958388152736,5,175.21033048322855,55.111958388152736,5,160.14835760979472,54.96002219263565,5,316779457.03238165,121366724.7368394,5
exchange,ale_frechet,44,optim-lr_1e-3__regularization-l2_0.001__similarity-keep_epochs_1__similarity-update_every_10,10.0,1.0,0.001,0.001,4.5,3.027650354097492,10,72.9,22.51147855354389,10,0.2805004179477691,0.0492132246347094,10,39.521090841293336,8.675460983617528,10,3.6216638803482057,0.8047795021028251,10,0.0386975049972534,0.0012562661202628,10,27.5693167924881,5.957407649798327,10,1.6765642166137695,0.3588472731751851,10,72.42733323574066,15.771379152579662,10,0.1692446170773889,0.0095095153407504,10,0.1692446170773889,0.0095095153407504,10,0.1305569604039192,0.0083043817063959,10,0.0125350126065313,0.0031415529322217,10,0.1730705674671168,0.0109870720324491,10,0.1730705674671168,0.0109870720324491,10,0.1288895802705415,0.0068834914950002,10,0.0133317803897495,0.002790390719735,10,0.2806642356395189,0.0470722107054901,10,0.2806642356395189,0.0470722107054901,10,0.2085262905074549,0.0405517146035649,10,0.0164308666451168,0.0025645245656528,10
exchange,crossstitch,1,optim-lr_1e-2,,,,0.01,4.5,3.027650354097492,10,55.0,18.135294011647257,10,0.336961954832077,0.0946986131617683,10,43.90404677391052,9.713661589338788,10,2.9646639108657835,0.6430914751425306,10,0.0380136728286743,0.0010821889863105,10,5.619525909423828e-05,1.1170418610260111e-05,10,3.757476806640625e-05,8.47286542203658e-06,10,46.90681812763214,10.356318998405303,10,0.3231194174382835,0.1056987472408838,10,0.3231194174382835,0.1056987472408838,10,0.2757651421108416,0.1039260556960015,10,0.7176496415265969,2.156896330504514,10,0.2486083896298493,0.0814892388993117,10,0.2486083896298493,0.0814892388993117,10,0.1933250041146363,0.0816827448350413,10,0.799612395664943,2.416905711705229,10,0.3367099697568587,0.0942386835646071,10,0.3367099697568587,0.0942386835646071,10,0.2631077464802989,0.0884675072172625,10,0.9778886501743858,2.9675276330977858,10
exchange,hard,2,optim-lr_1e-3,,,,0.001,4.5,3.027650354097492,10,92.6,33.32399869296734,10,0.4084707543253899,0.3932110994126285,10,39.71633174419403,10.89189224085561,10,3.797556900978088,1.0602803021598777,10,0.0326136589050293,0.0006821190798287,10,8.165836334228516e-05,2.1606754525751936e-05,10,5.981922149658203e-05,2.2835541272963574e-05,10,43.546643781661984,11.95190065852826,10,0.3130946280434727,0.4334421099852646,10,0.3130946280434727,0.4334421099852646,10,0.2746262593261365,0.4309769568059637,10,0.0714653047001255,0.1371624765441235,10,0.2917046740052423,0.3631834181791938,10,0.2917046740052423,0.3631834181791938,10,0.2512972103431821,0.3635748346482833,10,0.0738124660681933,0.1410900356043175,10,0.4084681780742747,0.3939465887953698,10,0.4084681780742747,0.3939465887953698,10,0.3423401149422196,0.3923401949584836,10,0.0759744491428136,0.1433203356808155,10
exchange,mmoe,2,optim-lr_1e-3,,,,0.001,4.5,3.027650354097492,10,119.6,30.18167214276461,10,0.2094410061836242,0.0378830398319491,10,64.8657949924469,13.182662428774828,10,5.361773371696472,1.0974571588433053,10,0.037846827507019,0.0005288193530205,10,0.0001020908355712,2.065126382409038e-05,10,6.897449493408203e-05,1.7203643968516767e-05,10,70.2655862569809,14.278248505046014,10,0.1612009110527911,0.005323844950135,10,0.1612009110527911,0.005323844950135,10,0.1198871382611936,0.0040537160424109,10,0.0062419365160167,0.0008520711669905,10,0.1567282721732876,0.0151371473980792,10,0.1567282721732876,0.0151371473980792,10,0.1083246831582593,0.0052877070275613,10,0.0064270824060908,0.0012952537814938,10,0.2116468557788591,0.0364505356717656,10,0.2116468557788591,0.0364505356717656,10,0.1454236366386924,0.0236362515647457,10,0.0065542940482763,0.0015245428166845,10
exchange,mtan,1,optim-lr_1e-2,,,,0.01,4.5,3.027650354097492,10,12.3,8.73117021557439,10,7.122931671142578,5.936531950582209,10,13.252824473381043,2.8430405309508124,10,1.2491519689559936,0.2681929163538402,10,0.0345676898956298,0.0008708815913074,10,2.663135528564453e-05,7.787569812373823e-06,10,1.6689300537109375e-05,4.57089864239642e-06,10,14.536587452888488,3.110785537537977,10,3.3812936259167534,5.317067250888604,10,3.3812936259167534,5.317067250888604,10,3.127335422219975,5.34065474493301,10,0.5042096560820937,0.7204537935107005,10,3.355584151617118,5.586022182923864,10,3.355584151617118,5.586022182923864,10,3.192564459411161,5.636205261951113,10,0.522225332153695,0.6604359169783784,10,7.02640658164663,5.911973681431992,10,7.02640658164663,5.911973681431992,10,6.9085596606401465,5.943930844819425,10,0.5644081904952014,0.6775579143198891,10
exchange,ple,1,optim-lr_1e-2,,,,0.01,4.5,3.027650354097492,10,38.4,11.413442367080435,10,0.5028953224420547,0.1224297090834021,10,31.044927978515624,5.297640219023339,10,2.3851898908615112,0.4093113803999844,10,0.0417659997940063,0.0027883463258265,10,4.410743713378906e-05,7.871424684152211e-06,10,3.0541419982910155e-05,6.028895155849812e-06,10,33.47195851802826,5.705970426855407,10,0.395896415937958,0.1397663777573106,10,0.395896415937958,0.1397663777573106,10,0.3007394127880357,0.1369761794904533,10,20.194703002846133,63.794992985771984,10,0.3378560136737568,0.1213660193796931,10,0.3378560136737568,0.1213660193796931,10,0.2454493615975869,0.1168534786577733,10,22.62960060186285,71.49677522407818,10,0.501624438944938,0.1232852049976842,10,0.501624438944938,0.1232852049976842,10,0.3931913517947708,0.1174493689379934,10,24.97043774062768,78.87316628692756,10
exchange,single_task_mlp,2,optim-lr_1e-3,,,,0.001,4.5,3.027650354097492,10,132.9,30.5121105282622,10,0.5222691565752029,0.3504546269228308,10,71.47245090007782,16.151757313841863,10,6.867768597602844,1.5221470216059507,10,0.04504976272583,0.0101223139779941,10,0.0001261472702026,2.5968649213326377e-05,10,8.695125579833984e-05,1.7231523089404723e-05,10,78.38548235893249,17.669435778410282,10,0.3271627462535564,0.3956666360447822,10,0.3271627462535564,0.3956666360447822,10,0.29043184534447,0.3919315474924833,10,0.076246196001635,0.0923971397494429,10,0.3169026744418911,0.3201950566195656,10,0.3169026744418911,0.3201950566195656,10,0.2741003870564912,0.3206446076530998,10,0.077808710373938,0.0908815944483631,10,0.516832581169105,0.3506681407244127,10,0.516832581169105,0.3506681407244127,10,0.4430557330804212,0.3512145601375513,10,0.0787973106439624,0.089438898084356,10
exchange,soft,1,optim-lr_1e-2,,,,0.01,4.5,3.027650354097492,10,54.5,22.979459426965544,10,0.2941494390368461,0.0596586560985924,10,40.36052219867706,11.339991115758416,10,3.541741800308228,1.0257179583217468,10,0.0648914337158203,0.0268342915715247,10,6.999969482421876e-05,2.265720914346469e-05,10,4.432201385498047e-05,1.303231322625122e-05,10,43.96726975440979,12.360196448295778,10,0.2156611819418945,0.0224753601926717,10,0.2156611819418945,0.0224753601926717,10,0.1654149878304451,0.0185290682654592,10,0.0107268928616706,0.0020952463254164,10,0.1792953527133379,0.010029820480149,10,0.1792953527133379,0.010029820480149,10,0.1370528179952608,0.007141272336123,10,0.0103439387067088,0.001239629268277,10,0.292915692067306,0.0556620450507786,10,0.292915692067306,0.0556620450507786,10,0.2296214169157402,0.0571613099220927,10,0.0141199536754616,0.0021437617982734,10
metrla,ale_frechet,2,optim-lr_1e-3__regularization-l2_0.01__similarity-keep_epochs_10__similarity-update_every_10,10.0,10.0,0.01,0.001,2.0,1.5811388300841898,5,25.6,7.231873892705818,5,14.872882461547851,0.1721415492453271,5,2943.6518092155457,1489.307535783672,5,159.62312517166137,85.1164974486113,5,3.4263325214385985,1.4632946112212386,5,1304.5017487049104,798.8502241412169,5,639.4811535358429,357.1976933027156,5,5050.684169149399,2709.6819884434985,5,13.821420133747342,0.220435107617451,5,13.821420133747342,0.220435107617451,5,8.863169730227927,0.2115730394794865,5,133702037.17922704,2916261.698144928,5,15.952164067162403,0.1676208134521971,5,15.952164067162403,0.1676208134521971,5,11.046157004637418,0.192807073072701,5,247602878.13816428,8724952.901977103,5,15.120652551697072,0.1762046288652083,5,15.120652551697072,0.1762046288652083,5,11.055477425211294,0.2796652584850755,5,292196265.92560387,13362501.975441378,5
metrla,crossstitch,1,optim-lr_1e-3,,,,0.001,2.0,1.5811388300841898,5,18.0,7.516648189186454,5,15.986247634887697,0.3980685512592204,5,50712.93274970054,11282.529125804522,5,583.3043978691101,148.26974528819534,5,13.707975387573242,3.689878931465621,5,4.515647888183594e-05,3.214612829714159e-05,5,2.617835998535156e-05,1.674744151633314e-05,5,51309.94519429207,11424.764247562098,5,10.605384153789943,1.879207923407885,5,10.605384153789943,1.879207923407885,5,6.951095081872987,1.4884787349937036,5,241000011.61352655,54067098.93541374,5,15.595288724484652,0.6090430536298747,5,15.595288724484652,0.6090430536298747,5,10.326629793471184,0.7502612885457678,5,302390120.1729469,14196946.893998075,5,16.244218478916924,0.4622977833406064,5,16.244218478916924,0.4622977833406064,5,11.550160305281192,0.3201909839523574,5,531424857.4782609,95113060.70736064,5
metrla,hard,1,optim-lr_1e-3,,,,0.001,2.0,1.5811388300841898,5,35.4,15.565988564816564,5,17.98723793029785,0.4435215820318526,5,2295.060333538056,1310.281442625497,5,147.08042917251586,91.95917870913873,5,2.4609539985656737,1.6105311550540862,5,6.008148193359375e-05,1.988259430928191e-05,5,4.4965744018554686e-05,1.923788271923261e-05,5,2444.601821756363,1403.31063648359,5,15.90177152513882,0.8268225640408001,5,15.90177152513882,0.8268225640408001,5,11.08832427430268,0.827832180218235,5,217549429.009058,60245427.312453344,5,18.445266888567797,0.5782685200301632,5,18.445266888567797,0.5782685200301632,5,13.476422751007448,0.6917720870560449,5,270972356.37729466,28781940.189473964,5,18.2708002878272,0.4751710640461537,5,18.2708002878272,0.4751710640461537,5,13.529769372709708,0.4041353528742707,5,429686424.5840579,119637353.49939635,5
metrla,mmoe,1,optim-lr_1e-3,,,,0.001,2.0,1.5811388300841898,5,27.4,5.128352561983234,5,14.37522258758545,0.5367384001773189,5,4751.56944308281,2703.405559737445,5,180.6985570430756,100.78634002639744,5,3.4245010375976563,1.6779317050234115,5,5.4788589477539065e-05,1.927021023216925e-05,5,3.590583801269531e-05,1.5716287983358826e-05,5,4935.69259185791,2805.522053019236,5,12.078786017007875,0.5221760491451444,5,12.078786017007875,0.5221760491451444,5,7.1764162872148605,0.5921493203550964,5,213069428.484058,26487290.77526706,5,14.828720764952582,0.4175545577476442,5,14.828720764952582,0.4175545577476442,5,9.526285383897129,0.4588932062292492,5,328131762.052657,29917187.57734055,5,14.662643925579276,0.5311986063330629,5,14.662643925579276,0.5311986063330629,5,9.869708950853578,0.5520551755200724,5,540006833.5705315,93374743.06745404,5
metrla,mtan,1,optim-lr_1e-3,,,,0.001,2.0,1.5811388300841898,5,16.2,6.942621983083912,5,18.07503547668457,1.3332682940045464,5,1124.2398773193358,218.0315251037157,5,76.29217371940612,17.402179560649113,5,2.0444544315338136,0.4051475613032482,5,5.2309036254882814e-05,3.501085711076911e-05,5,2.2792816162109374e-05,6.751077931900643e-06,5,1202.5765805721285,235.5108724950158,5,14.796796598296234,1.2801443516711166,5,14.796796598296234,1.2801443516711166,5,9.970497762293054,1.2951190192243671,5,210856430.3013285,28238226.53246946,5,17.581307125091552,0.9226700412464428,5,17.581307125091552,0.9226700412464428,5,12.7169297227537,0.9895183782545974,5,304415381.0405797,13735816.197723892,5,18.41379874593394,1.331901563922033,5,18.41379874593394,1.331901563922033,5,14.177045511623511,1.3295890912825905,5,510444976.9256039,77706809.23985206,5
metrla,ple,1,optim-lr_1e-3,,,,0.001,2.0,1.5811388300841898,5,14.0,10.793516572461453,5,18.883608627319337,1.932436018708046,5,2105.4487498760222,546.3775073762436,5,86.45234761238098,20.583815177018195,5,2.178867530822754,0.4044918710691794,5,4.010200500488281e-05,1.301337440751319e-05,5,2.32696533203125e-05,9.67961813855639e-06,5,2194.0800283908843,566.1742840435779,5,14.163017803228996,0.5780227314762101,5,14.163017803228996,0.5780227314762101,5,9.89115097626396,0.6190768257438497,5,461579659.6514492,340029336.5388944,5,17.69584018504562,0.9293328483439428,5,17.69584018504562,0.9293328483439428,5,12.55419735632081,0.6038470149108512,5,428898830.8946859,221668949.83033347,5,19.221842188996398,2.019404141515756,5,19.221842188996398,2.019404141515756,5,14.101725208816896,1.436049754131757,5,950047911.3835752,598098855.9782491,5
metrla,single_task_mlp,1,optim-lr_1e-3,,,,0.001,2.0,1.5811388300841898,5,7.4,1.51657508881031,5,15.455117225646973,0.5634529464012837,5,1806.5351259231568,88.40522423015253,5,137.048557472229,7.022750308291726,5,4.33270149230957,0.0579734104804185,5,3.428459167480469e-05,2.853064594583815e-06,5,2.617835998535156e-05,2.398448245994433e-06,5,1947.9164453506469,95.442307895139,5,14.340938871724594,0.3342646892975449,5,14.340938871724594,0.3342646892975449,5,9.623310599350123,0.3529945363299302,5,137682639.82475844,5273191.658794427,5,16.437864101336196,0.4056349124779804,5,16.437864101336196,0.4056349124779804,5,11.49156347565029,0.4568472825594125,5,254613247.7504831,8056948.768455987,5,15.697472870868182,0.5611040854432011,5,15.697472870868182,0.5611040854432011,5,11.615824427120929,0.5894996601499731,5,319699796.784058,22960169.318856776,5
metrla,soft,1,optim-lr_1e-3,,,,0.001,2.0,1.5811388300841898,5,7.4,1.51657508881031,5,15.456597137451173,0.5645087219382279,5,1207.974238204956,646.4866082554681,5,86.83521018028259,45.80605128654559,5,2.7061650276184084,1.2657966019105358,5,3.4189224243164064e-05,1.3383970481739129e-05,5,2.3794174194335937e-05,1.048689479636395e-05,5,1297.5156713962556,693.4920411878873,5,14.341231242930832,0.3342229198174105,5,14.341231242930832,0.3342229198174105,5,9.62450079779694,0.3522385464467087,5,137672204.757971,5291999.799753971,5,16.4389932019699,0.4063873516315948,5,16.4389932019699,0.4063873516315948,5,11.494167424860784,0.4574642207337715,5,254615149.3335749,8015965.036570051,5,15.698939970265265,0.5619795591257928,5,15.698939970265265,0.5619795591257928,5,11.618452623616092,0.5895675316061122,5,319774899.6954106,22874404.41137066,5
multisine,ale_frechet,41,optim-lr_1e-2__regularization-l2_0.01__similarity-keep_epochs_1__similarity-update_every_10,10.0,1.0,0.01,0.01,4.5,3.027650354097492,10,41.7,23.532719538737737,10,0.474969470500946,0.079219037929656,10,5.790086269378662,1.9156075917085664,10,0.4382034778594971,0.148414459667963,10,0.0082091093063354,0.0003350466478584,10,2.7073925971984862,1.0194467368273463,10,0.563921332359314,0.2030046181722337,10,9.507812786102296,3.283215225013422,10,0.5392373141646385,0.0496835249096459,10,0.5392373141646385,0.0496835249096459,10,0.4013969692587852,0.0742644266611659,10,2.419957140684128,2.109197543023659,10,0.4556894467771054,0.04568563314508,10,0.4556894467771054,0.04568563314508,10,0.4331026866286993,0.045200620624525,10,2.8758784465491773,2.119951372762215,10,0.4749601510912179,0.0792217945758051,10,0.4749601510912179,0.0792217945758051,10,0.4520822293311357,0.0799568804239041,10,12.30253597766161,18.88958414901063,10
multisine,crossstitch,2,optim-lr_1e-3,,,,0.001,4.5,3.027650354097492,10,39.2,29.161618610769874,10,0.4928559362888336,0.1100775214528871,10,7.731810474395752,3.270605582620127,10,0.4585603713989258,0.2017554516755239,10,0.0078026533126831,0.0002112112635416,10,4.680156707763672e-05,2.0139761787135243e-05,10,3.2734870910644534e-05,1.5017237496312535e-05,10,8.19825303554535,3.4721776270539024,10,0.5346198070049286,0.0302494766840416,10,0.5346198070049286,0.0302494766840416,10,0.3942922458052634,0.0473148422736364,10,1.510042994916439,0.8432978717400397,10,0.5131469237804412,0.042001320572092,10,0.5131469237804412,0.042001320572092,10,0.4919369370490313,0.0427209429894097,10,1.6782111847400665,0.5676152448412428,10,0.4928417132794857,0.1100797145297367,10,0.4928417132794857,0.1100797145297367,10,0.4736415401101112,0.1111757092011694,10,3.918557714149356,4.62552117876176,10
multisine,hard,1,optim-lr_1e-2,,,,0.01,4.5,3.027650354097492,10,40.6,41.358057121785706,10,0.5259131342172623,0.0572722794986412,10,5.493573713302612,3.150856937871624,10,0.3999954938888549,0.2422211431744334,10,0.0065597772598266,0.0003159605042787,10,5.040168762207032e-05,3.2148554681375387e-05,10,3.528594970703125e-05,1.7964030861926177e-05,10,5.900214672088623,3.3929565901572536,10,0.5181139215826989,0.0484205136329173,10,0.5181139215826989,0.0484205136329173,10,0.3669122776389122,0.0678293054135636,10,3.2362772792577745,4.017384984305355,10,0.508884586840868,0.0557181529352449,10,0.508884586840868,0.0557181529352449,10,0.4879880031198264,0.0553776460551762,10,5.672248228341341,2.888803889151368,10,0.5258995562791824,0.0572818256776968,10,0.5258995562791824,0.0572818256776968,10,0.5054401898384094,0.0581475720917951,10,9.77010989457369,5.100368809043103,10
multisine,mmoe,2,optim-lr_1e-3,,,,0.001,4.5,3.027650354097492,10,38.7,34.59303076889589,10,0.5594189703464508,0.0860332919217877,10,7.227236032485962,3.6306803047833687,10,0.4790746450424194,0.2567143628743968,10,0.0084116220474243,0.0002184094769634,10,4.780292510986328e-05,2.456553529774815e-05,10,3.5762786865234375e-05,2.2643489972274332e-05,10,7.714805865287781,3.887452941281509,10,0.5763225731253624,0.0490530827008288,10,0.5763225731253624,0.0490530827008288,10,0.4520754376053809,0.0671130001506556,10,1.2776793432235718,0.3957901728948397,10,0.5013856909424066,0.0722357229434896,10,0.5013856909424066,0.0722357229434896,10,0.4791229722648858,0.0708625066988521,10,1.5391041953861715,0.7624899099729022,10,0.5593966481089592,0.0860228091275311,10,0.5593966481089592,0.0860228091275311,10,0.537253095805645,0.0863192077155983,10,3.987016744911671,2.983500881821138,10
multisine,mtan,2,optim-lr_1e-3,,,,0.001,4.5,3.027650354097492,10,13.1,33.100688143232844,10,0.7535860776901245,0.0392299290155759,10,3.452930784225464,2.61377577948758,10,0.2463509321212768,0.2080050431776464,10,0.0080173969268798,0.0012361692721835,10,2.7608871459960937e-05,2.2823741935474363e-05,10,2.188682556152344e-05,1.3902890400714938e-05,10,3.707348608970642,2.8221580485972546,10,0.6339179101586342,0.0612029993492036,10,0.6339179101586342,0.0612029993492036,10,0.5421297124028206,0.0915120912524339,10,1.3280106097459794,0.3676941112827728,10,0.5874612400680781,0.0421545434291496,10,0.5874612400680781,0.0421545434291496,10,0.5624147418886423,0.0422116928409021,10,1.4976199847459797,0.8933312870848423,10,0.7535857859253884,0.0392324982965495,10,0.7535857859253884,0.0392324982965495,10,0.7343804562091828,0.0411701849245832,10,1.8051411527395245,0.6286679043764072,10
multisine,ple,2,optim-lr_1e-3,,,,0.001,4.5,3.027650354097492,10,31.6,39.760952369546345,10,0.6751386940479278,0.0641514266969921,10,7.055880832672119,4.592224990231846,10,0.4511377811431885,0.3102722264021293,10,0.0103615522384643,0.0002782616694628,10,4.23431396484375e-05,2.6719243470827283e-05,10,3.006458282470703e-05,1.94559072384568e-05,10,7.517452573776245,4.902528725141794,10,0.5853280067443847,0.0505195056687373,10,0.5853280067443847,0.0505195056687373,10,0.4686115297675132,0.0779925324845664,10,1.0622064620256426,0.2200500034090302,10,0.5287519783526659,0.0532682315828722,10,0.5287519783526659,0.0532682315828722,10,0.5057495157420635,0.0527346377697837,10,1.5522667230665683,0.8733648924681428,10,0.6751327501237393,0.0641425739111867,10,0.6751327501237393,0.0641425739111867,10,0.6565015929937362,0.0674250173695185,10,1.9713660487532612,0.8333714772825351,10
multisine,single_task_mlp,2,optim-lr_1e-3,,,,0.001,4.5,3.027650354097492,10,18.2,24.584547992590792,10,0.5205100744962692,0.1150451340844811,10,3.722847771644593,1.9199943711737872,10,0.2749428510665893,0.1470198547705626,10,0.0074552774429321,0.0008015665727258,10,3.304481506347656e-05,1.6876787326958697e-05,10,2.393722534179688e-05,1.1498709433863047e-05,10,4.005302882194519,2.0663648171968894,10,0.5810258489847183,0.0584512250778511,10,0.5810258489847183,0.0584512250778511,10,0.4638229385018347,0.0850266716662702,10,1.362074757218361,0.5467799922262446,10,0.5333222121000291,0.064532116368466,10,0.5333222121000291,0.064532116368466,10,0.5099382397532463,0.0619389791947079,10,1.5200123620033266,0.6498868488905812,10,0.5205262176692484,0.1150422109603333,10,0.5205262176692484,0.1150422109603333,10,0.5001055047661066,0.1136826002857869,10,1.9933163100481035,0.8771838942149361,10
multisine,soft,1,optim-lr_1e-2,,,,0.01,4.5,3.027650354097492,10,41.9,17.194637406922997,10,0.4060940325260162,0.0405367729523165,10,7.725941801071167,1.897792201768393,10,0.6252368688583374,0.1589842731359954,10,0.018021273612976,0.0176757742851357,10,5.240440368652344e-05,1.397267582127407e-05,10,3.721714019775391e-05,1.0641323917286592e-05,10,8.369289565086365,2.052679978270158,10,0.4942492008209228,0.0013577703247996,10,0.4942492008209228,0.0013577703247996,10,0.335325039923191,0.0044749676301638,10,0.6569267427921296,0.5466661790448041,10,0.4416855578869582,0.0302152672964669,10,0.4416855578869582,0.0302152672964669,10,0.4205918609350919,0.0311232274946189,10,1.3588136932998895,1.0711677305932017,10,0.4060948596149683,0.040535336834476,10,0.4060948596149683,0.040535336834476,10,0.3839801282435655,0.0416821405940824,10,2.575713829919696,1.434951828256487,10
nn5,ale_frechet,2,optim-lr_1e-3__regularization-l2_0.01__similarity-keep_epochs_3__similarity-update_every_10,10.0,3.0,0.01,0.001,4.5,3.027650354097492,10,121.3,14.484090889278791,10,6.4586256980896,0.4301187455972158,10,193.03551280498505,17.02670699653023,10,20.511956691741943,2.0999384718456886,10,0.8995234966278076,0.3302778572010064,10,188.1262125968933,15.171592029869522,10,1134.076165485382,117.47701027282211,10,1536.64937107563,150.78996467660107,10,5.686612128996634,0.3649565621238295,10,5.686612128996634,0.3649565621238295,10,4.113679483774546,0.3640759911480825,10,6686712.017326122,279371.1007499568,10,8.410463836708583,0.3492051036234004,10,8.410463836708583,0.3492051036234004,10,6.059961127483093,0.36403378088118,10,7150725.8792692665,250468.2732301652,10,6.458464598763096,0.4301460308857926,10,6.458464598763096,0.4301460308857926,10,5.054880008718989,0.4240259199369726,10,6597746.809543017,461095.60005673097,10
nn5,crossstitch,1,optim-lr_1e-3,,,,0.001,4.5,3.027650354097492,10,49.3,6.03784361801095,10,6.877426433563232,0.1890420119859177,10,1337.7429984092712,175.2946804862021,10,45.97264225482941,5.91218934626658,10,0.7816856622695922,0.0736520294566011,10,7.5531005859375e-05,1.771435602778731e-05,10,4.737377166748047e-05,1.1151177889320704e-05,10,1384.4974492311478,181.18876946871677,10,5.037777251595849,0.2507408553534038,10,5.037777251595849,0.2507408553534038,10,3.561260198150669,0.2322563481977006,10,6198653.21307177,138846.7991649612,10,8.2286247783953,0.1538548168165183,10,8.2286247783953,0.1538548168165183,10,6.11130978019388,0.1507154793425532,10,7204783.224533488,392529.7339913241,10,6.876624673336477,0.1888703206151292,10,6.876624673336477,0.1888703206151292,10,5.484258106699935,0.1867068836699454,10,7306607.561625535,252881.5600844928,10
nn5,hard,1,optim-lr_1e-3,,,,0.001,4.5,3.027650354097492,10,91.6,29.82988806922048,10,6.886151742935181,0.4404028467694247,10,80.82772006988526,20.49003837718505,10,6.246822214126587,1.5785630355150924,10,0.1877532005310058,0.00787369227225,10,8.976459503173828e-05,2.0904610264215608e-05,10,5.743503570556641e-05,1.58046922996664e-05,10,87.26244268417358,22.072390161647867,10,5.585378498859233,0.3911354279905075,10,5.585378498859233,0.3911354279905075,10,4.086724661921595,0.3711498875132905,10,6201390.647355169,326440.97134266584,10,8.528580743128115,0.3742904017991339,10,8.528580743128115,0.3742904017991339,10,6.232350771598988,0.4027082637793605,10,6829782.357481654,424831.2268257572,10,6.885996198009801,0.440315590345475,10,6.885996198009801,0.440315590345475,10,5.4785678699209885,0.4412919278529233,10,6735141.033287945,411715.8224864098,10
nn5,mmoe,1,optim-lr_1e-3,,,,0.001,4.5,3.027650354097492,10,57.1,3.034981237357344,10,5.849214696884156,0.2298169408603655,10,208.77416830062867,7.49763945809793,10,6.777118563652039,0.2567897759134435,10,0.2342242240905761,0.0742797199141712,10,6.451606750488282e-05,7.26748776616041e-06,10,3.936290740966797e-05,6.002647751516026e-06,10,215.7856149673462,7.757235526152401,10,4.454694996545981,0.1739647553555283,10,4.454694996545981,0.1739647553555283,10,3.019551601925412,0.1758463465885015,10,5931658.746871788,196266.71801007137,10,7.8047677791870385,0.183112344907003,10,7.8047677791870385,0.183112344907003,10,5.533624073943576,0.1944763924011169,10,6503925.622311064,184107.8310671144,10,5.84912157359424,0.229786955386452,10,5.84912157359424,0.229786955386452,10,4.38064210275272,0.2209488686906268,10,5967767.670836651,163006.9175831472,10
nn5,mtan,1,optim-lr_1e-3,,,,0.001,4.5,3.027650354097492,10,62.9,12.3868209534704,10,7.701541662216186,0.5259928826869048,10,77.72230489253998,10.668537402275142,10,7.171145176887512,0.9835957014860588,10,0.3405891895294189,0.0467843900495809,10,0.0001014947891235,1.2385049027828629e-05,10,6.92129135131836e-05,1.6402262561193144e-05,10,85.23420996665955,11.656782132965596,10,6.178798932427759,0.6089193670054713,10,6.178798932427759,0.6089193670054713,10,4.654316180675953,0.5961008985671238,10,6171990.916844304,236095.32625565736,10,8.98753855228424,0.5007888701277547,10,8.98753855228424,0.5007888701277547,10,6.855627968289831,0.4835177917618438,10,6352478.644755403,530350.2551176958,10,7.701348740882702,0.5259496907894429,10,7.701348740882702,0.5259496907894429,10,6.258342660762168,0.5345579633506894,10,6718097.824919833,574800.1747890325,10
nn5,ple,1,optim-lr_1e-3,,,,0.001,4.5,3.027650354097492,10,36.1,10.375719519896226,10,8.613817024230958,0.4727950451420277,10,91.20224509239196,14.801041089490605,10,6.328652691841126,1.0239456321318323,10,0.6941008806228638,0.0718931218330347,10,6.244182586669921e-05,9.947418196309328e-06,10,4.465579986572266e-05,6.493521118576923e-06,10,98.22510576248168,15.794085654507231,10,6.8544354442003605,0.3371213076599389,10,6.8544354442003605,0.3371213076599389,10,5.472248594234655,0.3253325302975855,10,5060256.964716829,408548.0365623967,10,9.878039740119968,0.3814958366847774,10,9.878039740119968,0.3814958366847774,10,7.684007403979431,0.3624788944953696,10,5298008.903326052,735193.670458157,10,8.613628051195057,0.472785395922683,10,8.613628051195057,0.472785395922683,10,7.0890259762068055,0.4662147787042893,10,5537179.761822626,469377.9030222556,10
nn5,single_task_mlp,1,optim-lr_1e-3,,,,0.001,4.5,3.027650354097492,10,39.4,3.272783388968954,10,6.838828992843628,0.2603509827404136,10,34.66362516880035,1.9800303456028576,10,3.269024133682251,0.1842229386693873,10,0.2499968290328979,0.034376294751046,10,5.2809715270996094e-05,1.100821034992061e-05,10,3.275871276855469e-05,6.309164084694196e-06,10,38.182731699943545,2.164156418795065,10,4.920553109667322,0.2859384754040719,10,4.920553109667322,0.2859384754040719,10,3.465622343565967,0.2726014616187119,10,6030380.502539221,99880.54702119312,10,8.45510174820015,0.2171491943892944,10,8.45510174820015,0.2171491943892944,10,6.271502917951292,0.2207119630242693,10,7201435.336210529,337387.0680309016,10,6.838554648880487,0.260366877223934,10,6.838554648880487,0.260366877223934,10,5.420353282464517,0.256303655199972,10,7083166.433836019,326275.8018027681,10
nn5,soft,1,optim-lr_1e-3,,,,0.001,4.5,3.027650354097492,10,39.1,3.281259920619924,10,6.148555612564087,0.0619996400802703,10,494.4874697446823,26.085248136913307,10,35.49156234264374,1.7889127845722042,10,0.7274274349212646,0.0548138328484101,10,7.414817810058594e-05,6.381626097324604e-06,10,4.742145538330078e-05,6.004751765934735e-06,10,530.7065810918808,27.82122222226949,10,4.1447468585796186,0.0794340069704012,10,4.1447468585796186,0.0794340069704012,10,2.704034727972907,0.0627002139638461,10,6194937.150966046,161988.31116882156,10,7.810849004608018,0.0218096375736931,10,7.810849004608018,0.0218096375736931,10,5.618371920005695,0.0312304856325216,10,7563715.675174782,50091.523888686585,10,6.14822356400189,0.0620311748937162,10,6.14822356400189,0.0620311748937162,10,4.739683178416244,0.0623232443653938,10,7418758.722771214,80725.5784358321,10
polynomial,ale_frechet,50,optim-lr_1e-3__regularization-l2_0.001__similarity-keep_epochs_3__similarity-update_every_10,10.0,3.0,0.001,0.001,4.5,3.027650354097492,10,13.8,14.512829573250771,10,4.68452205657959,0.8501784561243216,10,3.3267152547836303,1.1425389606858691,10,0.2469902753829956,0.0888995380020939,10,0.0081063032150268,0.000739509304204,10,1.583534049987793,0.5752120039508728,10,0.3280794858932495,0.1196794032049349,10,5.493425369262695,1.9190493966927729,10,2.03049000620842,0.2466624439766124,10,2.03049000620842,0.2466624439766124,10,1.4364811146259309,0.2446665770434727,10,0.6696236485242844,0.1813323318623206,10,2.8672786997258664,0.5033883668068798,10,2.8672786997258664,0.5033883668068798,10,2.838292824774981,0.5010293888141747,10,0.6100348210521043,0.1639842024264118,10,4.684487006217241,0.8501937501817187,10,4.684487006217241,0.8501937501817187,10,4.646519490703941,0.8465108854300716,10,0.6126145652681589,0.1612398920454342,10
polynomial,crossstitch,2,optim-lr_1e-3,,,,0.001,4.5,3.027650354097492,10,38.4,28.328234835387978,10,4.600289440155029,0.5682688651059614,10,7.0755836963653564,3.0431695985308256,10,0.4261151313781738,0.1870539131772959,10,0.0073235750198364,0.0002392738961008,10,4.2438507080078125e-05,1.90157812140308e-05,10,3.058910369873047e-05,1.264445416151717e-05,10,7.5090954303741455,3.230307436427754,10,2.095910110473633,0.2292396864629064,10,2.095910110473633,0.2292396864629064,10,1.476168737411499,0.1730265020088563,10,0.6055051800608634,0.1564257960327959,10,2.792984446659684,0.3322566126254109,10,2.792984446659684,0.3322566126254109,10,2.7634081092476848,0.3306983091380092,10,0.4339708486758173,0.1302079219424508,10,4.600116240084171,0.5685706057214458,10,4.600116240084171,0.5685706057214458,10,4.5624227699637405,0.5655649016921906,10,0.4336670781672,0.1313704096771021,10
polynomial,hard,1,optim-lr_1e-2,,,,0.01,4.5,3.027650354097492,10,23.4,22.916272723886745,10,4.792919063568116,0.8704007116176271,10,3.702459216117859,1.574316658510729,10,0.2746639251708984,0.124751587747444,10,0.006130027770996,0.0001530397120071,10,3.275871276855469e-05,1.3152794295277994e-05,10,2.2482872009277343e-05,1.017193618693469e-05,10,3.9833084106445313,1.6989990439431633,10,2.149137154817581,0.2529215105408899,10,2.149137154817581,0.2529215105408899,10,1.5304330718517305,0.2267427232561581,10,1.8666637229919436,0.945990971461575,10,2.906880638450384,0.4931640588627271,10,2.906880638450384,0.4931640588627271,10,2.876860889419913,0.4900404755442997,10,1.6886844459548591,1.5095770763667766,10,4.792943942844867,0.8703954168891501,10,4.792943942844867,0.8703954168891501,10,4.753273032605649,0.8661261353648968,10,1.8157600449118765,1.5986457543017834,10
polynomial,mmoe,1,optim-lr_1e-2,,,,0.01,4.5,3.027650354097492,10,25.7,14.568230274584945,10,4.797832393646241,0.8356248562753853,10,5.362563252449036,1.4472770727334356,10,0.3617068529129028,0.1014153712951006,10,0.0080090045928955,0.0002835730574572,10,3.6835670471191406e-05,1.0660773896709218e-05,10,2.4008750915527344e-05,6.382665204321414e-06,10,5.73233995437622,1.5484583234550553,10,2.0267594707012178,0.134606004446962,10,2.0267594707012178,0.134606004446962,10,1.447240945696831,0.1326117560938919,10,1.1961851139366626,0.4240722983573151,10,2.941584743261337,0.5192423682874988,10,2.941584743261337,0.5192423682874988,10,2.9129371451586485,0.5171958661795674,10,0.6813119314424693,0.1857211898936857,10,4.797810349538922,0.8355858426115151,10,4.797810349538922,0.8355858426115151,10,4.756122510656715,0.8347412305479845,10,0.723923394754529,0.2196482070596582,10
polynomial,mtan,2,optim-lr_1e-3,,,,0.001,4.5,3.027650354097492,10,73.4,49.735299335582575,10,5.75830864906311,0.6116132704348759,10,7.4446439981460575,3.63092911343868,10,0.5844966411590576,0.2943871849748423,10,0.0071498155593872,0.0001915859153446,10,6.728172302246093e-05,3.3376670963250455e-05,10,4.734992980957031e-05,2.4030311499746172e-05,10,8.036405086517334,3.925351426323489,10,2.21692592382431,0.3692515898334405,10,2.21692592382431,0.3692515898334405,10,1.6014630514383317,0.3264750795974378,10,0.6824703305959701,0.2195019758687883,10,3.338774473667145,0.480955966732852,10,3.338774473667145,0.480955966732852,10,3.298405922353268,0.4847411241209113,10,0.7491490618884564,0.1624925585553092,10,5.758276891708374,0.6116126666472389,10,5.758276891708374,0.6116126666472389,10,5.706157777309418,0.6153337394163952,10,0.78312779545784,0.1435696152175856,10
polynomial,ple,2,optim-lr_1e-3,,,,0.001,4.5,3.027650354097492,10,34.6,35.827363843855444,10,4.840665245056153,0.6340706738705156,10,6.802677702903748,3.9110600255102335,10,0.4412193536758423,0.2546504972915271,10,0.0098485708236694,0.0003364852245718,10,4.203319549560547e-05,2.370105332357416e-05,10,2.9540061950683595e-05,1.7639555757305544e-05,10,7.253817200660706,4.165572466497212,10,2.01970919251442,0.1824363299173091,10,2.01970919251442,0.1824363299173091,10,1.424937145113945,0.1397959251680668,10,0.5918120446801186,0.1101408678227459,10,2.890576265379787,0.3812128595091725,10,2.890576265379787,0.3812128595091725,10,2.8588112953305247,0.3791201112093068,10,0.5722253826260566,0.1305825180510054,10,4.840661276131868,0.6340567913345466,10,4.840661276131868,0.6340567913345466,10,4.796248820126056,0.6331364468465476,10,0.6178209428116679,0.1172794463086042,10
polynomial,single_task_mlp,2,optim-lr_1e-3,,,,0.001,4.5,3.027650354097492,10,27.0,28.06342023979892,10,4.805434703826904,0.8574401687427389,10,3.746703004837036,1.8451560963926907,10,0.2873708486557007,0.1494342417051462,10,0.0061304092407226,0.0001400015334503,10,3.31878662109375e-05,1.5506293412903237e-05,10,2.4199485778808597e-05,1.232892777176974e-05,10,4.04026165008545,1.9945495611197976,10,2.252497509717941,0.3344860827702036,10,2.252497509717941,0.3344860827702036,10,1.6403140008449557,0.2758306861544342,10,0.699633118212223,0.1876295324070612,10,2.9646047337353227,0.5309694143919671,10,2.9646047337353227,0.5309694143919671,10,2.935839117318392,0.5292738134405603,10,0.5504964511282742,0.1628691847036878,10,4.805478405877948,0.8574345399037739,10,4.805478405877948,0.8574345399037739,10,4.767971620187163,0.8544571169663057,10,0.5515738567896187,0.152725563586284,10
polynomial,soft,2,optim-lr_1e-3,,,,0.001,4.5,3.027650354097492,10,36.0,28.82899774725287,10,4.312998867034912,0.1061427693273572,10,5.225853061676025,2.331545372949972,10,0.378382658958435,0.1739516158315807,10,0.0068443775177001,0.0003553466484086,10,4.138946533203125e-05,1.839249923067197e-05,10,3.073215484619141e-05,1.4069816365430484e-05,10,5.611152219772339,2.505456073563401,10,1.9479597043991088,0.09470857836722,10,1.9479597043991088,0.09470857836722,10,1.3412523341178892,0.0980625707286922,10,0.5463221183419228,0.0503823749988207,10,2.6204115945845845,0.0327319296523768,10,2.6204115945845845,0.0327319296523768,10,2.5914167696237564,0.0316292234966695,10,0.5038655298762025,0.0520203807823426,10,4.313014001697303,0.1061362259975171,10,4.313014001697303,0.1061362259975171,10,4.276791262030602,0.1055612184870775,10,0.5208967117592692,0.0566057412188376,10
